Card,Date,Series 2,Axis,Series,Value,Units In Transit,Units On Order,Inv Gap,Column_10,Column_11,Column_12,Column_13,Column_14,Column_15
% Forecast Accuracy,2020-12-30,,,JDA Product,0.77,,,,,,,,,
% Forecast Accuracy,2021-01-06,,,JDA Product,0.81,,,,,,,,,
% Forecast Accuracy,2021-01-13,,,JDA Product,0.93,,,,,,,,,
% Forecast Accuracy,2021-01-20,,,JDA Product,0.86,,,,,,,,,
% Forecast Accuracy,2021-01-27,,,JDA Product,0.94,,,,,,,,,
% Forecast Accuracy,2021-02-03,,,JDA Product,0.88,,,,,,,,,
Average Review Score by Brand,2020-02-03,,LG,Review Count,7294.0,,,,,,,,,
Average Review Score by Brand,2020-02-03,,Samsung,Review Count,33172.0,,,,,,,,,
Average Review Score by Brand,2020-02-03,,Sharp,Review Count,1262.0,,,,,,,,,
Average Review Score by Brand,2020-02-03,,Sony,Review Count,7057.0,,,,,,,,,
Average Review Score by Brand,2020-02-03,,VIZIO,Review Count,13241.0,,,,,,,,,
Average Review Score by Brand,2020-02-03,,LG,Review Score,3.0,,,,,,,,,
Average Review Score by Brand,2020-02-03,,Samsung,Review Score,2.24,,,,,,,,,
Average Review Score by Brand,2020-02-03,,Sharp,Review Score,2.4,,,,,,,,,
Average Review Score by Brand,2020-02-03,,Sony,Review Score,3.0,,,,,,,,,
Average Review Score by Brand,2020-02-03,,VIZIO,Review Score,2.89,,,,,,,,,
Average Review Score by Brand,2020-03-03,,LG,Review Count,9138.0,,,,,,,,,
Average Review Score by Brand,2020-03-03,,Samsung,Review Count,4442.0,,,,,,,,,
Average Review Score by Brand,2020-03-03,,Sharp,Review Count,1693.0,,,,,,,,,
Average Review Score by Brand,2020-03-03,,Sony,Review Count,9692.0,,,,,,,,,
Average Review Score by Brand,2020-03-03,,VIZIO,Review Count,3417.0,,,,,,,,,
Average Review Score by Brand,2020-03-03,,LG,Review Score,3.0,,,,,,,,,
Average Review Score by Brand,2020-03-03,,Samsung,Review Score,2.92,,,,,,,,,
Average Review Score by Brand,2020-03-03,,Sharp,Review Score,3.0,,,,,,,,,
Average Review Score by Brand,2020-03-03,,Sony,Review Score,3.0,,,,,,,,,
Average Review Score by Brand,2020-03-03,,VIZIO,Review Score,3.0,,,,,,,,,
Average Review Score by Brand,2020-03-03,,LG,Review Count,5233.0,,,,,,,,,
Average Review Score by Brand,2020-03-03,,Samsung,Review Count,28495.0,,,,,,,,,
Average Review Score by Brand,2020-03-03,,Sharp,Review Count,4212.0,,,,,,,,,
Average Review Score by Brand,2020-03-03,,Sony,Review Count,3772.0,,,,,,,,,
Average Review Score by Brand,2020-03-03,,VIZIO,Review Count,1308.0,,,,,,,,,
Average Review Score by Brand,2020-03-03,,LG,Review Score,3.0,,,,,,,,,
Average Review Score by Brand,2020-03-03,,Samsung,Review Score,3.0,,,,,,,,,
Average Review Score by Brand,2020-03-03,,Sharp,Review Score,2.28,,,,,,,,,
Average Review Score by Brand,2020-03-03,,Sony,Review Score,2.31,,,,,,,,,
Average Review Score by Brand,2020-03-03,,VIZIO,Review Score,2.48,,,,,,,,,
Average Review Score by Brand,2020-04-03,,LG,Review Count,623.0,,,,,,,,,
Average Review Score by Brand,2020-04-03,,Samsung,Review Count,10331.0,,,,,,,,,
Average Review Score by Brand,2020-04-03,,Sharp,Review Count,4630.0,,,,,,,,,
Average Review Score by Brand,2020-04-03,,Sony,Review Count,2216.0,,,,,,,,,
Average Review Score by Brand,2020-04-03,,VIZIO,Review Count,8422.0,,,,,,,,,
Average Review Score by Brand,2020-04-03,,LG,Review Score,3.0,,,,,,,,,
Average Review Score by Brand,2020-04-03,,Samsung,Review Score,3.0,,,,,,,,,
Average Review Score by Brand,2020-04-03,,Sharp,Review Score,2.52,,,,,,,,,
Average Review Score by Brand,2020-04-03,,Sony,Review Score,3.0,,,,,,,,,
Average Review Score by Brand,2020-04-03,,VIZIO,Review Score,3.0,,,,,,,,,
Average Review Score by Brand,2020-05-03,,LG,Review Count,2187.0,,,,,,,,,
Average Review Score by Brand,2020-05-03,,Samsung,Review Count,22827.0,,,,,,,,,
Average Review Score by Brand,2020-05-03,,Sharp,Review Count,10434.0,,,,,,,,,
Average Review Score by Brand,2020-05-03,,Sony,Review Count,9719.0,,,,,,,,,
Average Review Score by Brand,2020-05-03,,VIZIO,Review Count,6056.0,,,,,,,,,
Average Review Score by Brand,2020-05-03,,LG,Review Score,3.0,,,,,,,,,
Average Review Score by Brand,2020-05-03,,Samsung,Review Score,3.0,,,,,,,,,
Average Review Score by Brand,2020-05-03,,Sharp,Review Score,3.0,,,,,,,,,
Average Review Score by Brand,2020-05-03,,Sony,Review Score,3.0,,,,,,,,,
Average Review Score by Brand,2020-05-03,,VIZIO,Review Score,2.71,,,,,,,,,
Average Review Score by Brand,2020-06-03,,LG,Review Count,1465.0,,,,,,,,,
Average Review Score by Brand,2020-06-03,,Samsung,Review Count,13571.0,,,,,,,,,
Average Review Score by Brand,2020-06-03,,Sharp,Review Count,6037.0,,,,,,,,,
Average Review Score by Brand,2020-06-03,,Sony,Review Count,7143.0,,,,,,,,,
Average Review Score by Brand,2020-06-03,,VIZIO,Review Count,15302.0,,,,,,,,,
Average Review Score by Brand,2020-06-03,,LG,Review Score,2.52,,,,,,,,,
Average Review Score by Brand,2020-06-03,,Samsung,Review Score,3.0,,,,,,,,,
Average Review Score by Brand,2020-06-03,,Sharp,Review Score,3.0,,,,,,,,,
Average Review Score by Brand,2020-06-03,,Sony,Review Score,3.0,,,,,,,,,
Average Review Score by Brand,2020-06-03,,VIZIO,Review Score,2.74,,,,,,,,,
Average Review Score by Brand,2020-07-03,,LG,Review Count,226.0,,,,,,,,,
Average Review Score by Brand,2020-07-03,,Samsung,Review Count,25316.0,,,,,,,,,
Average Review Score by Brand,2020-07-03,,Sharp,Review Count,4200.0,,,,,,,,,
Average Review Score by Brand,2020-07-03,,Sony,Review Count,5690.0,,,,,,,,,
Average Review Score by Brand,2020-07-03,,VIZIO,Review Count,16462.0,,,,,,,,,
Average Review Score by Brand,2020-07-03,,LG,Review Score,2.76,,,,,,,,,
Average Review Score by Brand,2020-07-03,,Samsung,Review Score,3.0,,,,,,,,,
Average Review Score by Brand,2020-07-03,,Sharp,Review Score,2.77,,,,,,,,,
Average Review Score by Brand,2020-07-03,,Sony,Review Score,3.0,,,,,,,,,
Average Review Score by Brand,2020-07-03,,VIZIO,Review Score,3.0,,,,,,,,,
Average Review Score by Brand,2020-08-03,,LG,Review Count,9604.0,,,,,,,,,
Average Review Score by Brand,2020-08-03,,Samsung,Review Count,23966.0,,,,,,,,,
Average Review Score by Brand,2020-08-03,,Sharp,Review Count,9702.0,,,,,,,,,
Average Review Score by Brand,2020-08-03,,Sony,Review Count,3757.0,,,,,,,,,
Average Review Score by Brand,2020-08-03,,VIZIO,Review Count,13812.0,,,,,,,,,
Average Review Score by Brand,2020-08-03,,LG,Review Score,1.3,,,,,,,,,
Average Review Score by Brand,2020-08-03,,Samsung,Review Score,3.0,,,,,,,,,
Average Review Score by Brand,2020-08-03,,Sharp,Review Score,3.0,,,,,,,,,
Average Review Score by Brand,2020-08-03,,Sony,Review Score,3.0,,,,,,,,,
Average Review Score by Brand,2020-08-03,,VIZIO,Review Score,3.0,,,,,,,,,
Average Review Score by Brand,2020-09-03,,LG,Review Count,2087.0,,,,,,,,,
Average Review Score by Brand,2020-09-03,,Samsung,Review Count,25236.0,,,,,,,,,
Average Review Score by Brand,2020-09-03,,Sharp,Review Count,8046.0,,,,,,,,,
Average Review Score by Brand,2020-09-03,,Sony,Review Count,1668.0,,,,,,,,,
Average Review Score by Brand,2020-09-03,,VIZIO,Review Count,2043.0,,,,,,,,,
Average Review Score by Brand,2020-09-03,,LG,Review Score,3.0,,,,,,,,,
Average Review Score by Brand,2020-09-03,,Samsung,Review Score,2.35,,,,,,,,,
Average Review Score by Brand,2020-09-03,,Sharp,Review Score,3.0,,,,,,,,,
Average Review Score by Brand,2020-09-03,,Sony,Review Score,3.0,,,,,,,,,
Average Review Score by Brand,2020-09-03,,VIZIO,Review Score,3.0,,,,,,,,,
Average Review Score by Brand,2020-10-03,,LG,Review Count,2458.0,,,,,,,,,
Average Review Score by Brand,2020-10-03,,Samsung,Review Count,20264.0,,,,,,,,,
Average Review Score by Brand,2020-10-03,,Sharp,Review Count,5377.0,,,,,,,,,
Average Review Score by Brand,2020-10-03,,Sony,Review Count,3196.0,,,,,,,,,
Average Review Score by Brand,2020-10-03,,VIZIO,Review Count,165.0,,,,,,,,,
Average Review Score by Brand,2020-10-03,,LG,Review Score,2.18,,,,,,,,,
Average Review Score by Brand,2020-10-03,,Samsung,Review Score,3.0,,,,,,,,,
Average Review Score by Brand,2020-10-03,,Sharp,Review Score,1.77,,,,,,,,,
Average Review Score by Brand,2020-10-03,,Sony,Review Score,3.0,,,,,,,,,
Average Review Score by Brand,2020-10-03,,VIZIO,Review Score,3.0,,,,,,,,,
Average Review Score by Brand,2020-11-03,,LG,Review Count,2663.0,,,,,,,,,
Average Review Score by Brand,2020-11-03,,Samsung,Review Count,14090.0,,,,,,,,,
Average Review Score by Brand,2020-11-03,,Sharp,Review Count,4572.0,,,,,,,,,
Average Review Score by Brand,2020-11-03,,Sony,Review Count,1648.0,,,,,,,,,
Average Review Score by Brand,2020-11-03,,VIZIO,Review Count,16256.0,,,,,,,,,
Average Review Score by Brand,2020-11-03,,LG,Review Score,2.15,,,,,,,,,
Average Review Score by Brand,2020-11-03,,Samsung,Review Score,3.0,,,,,,,,,
Average Review Score by Brand,2020-11-03,,Sharp,Review Score,3.0,,,,,,,,,
Average Review Score by Brand,2020-11-03,,Sony,Review Score,3.0,,,,,,,,,
Average Review Score by Brand,2020-11-03,,VIZIO,Review Score,3.0,,,,,,,,,
Average Review Score by Brand,2020-12-03,,LG,Review Count,9362.0,,,,,,,,,
Average Review Score by Brand,2020-12-03,,Samsung,Review Count,20760.0,,,,,,,,,
Average Review Score by Brand,2020-12-03,,Sharp,Review Count,9384.0,,,,,,,,,
Average Review Score by Brand,2020-12-03,,Sony,Review Count,2931.0,,,,,,,,,
Average Review Score by Brand,2020-12-03,,VIZIO,Review Count,3668.0,,,,,,,,,
Average Review Score by Brand,2020-12-03,,LG,Review Score,2.36,,,,,,,,,
Average Review Score by Brand,2020-12-03,,Samsung,Review Score,3.0,,,,,,,,,
Average Review Score by Brand,2020-12-03,,Sharp,Review Score,2.28,,,,,,,,,
Average Review Score by Brand,2020-12-03,,Sony,Review Score,2.67,,,,,,,,,
Average Review Score by Brand,2020-12-03,,VIZIO,Review Score,3.0,,,,,,,,,
Average Review Score by Brand,2021-01-03,,LG,Review Count,4296.0,,,,,,,,,
Average Review Score by Brand,2021-01-03,,Samsung,Review Count,15427.0,,,,,,,,,
Average Review Score by Brand,2021-01-03,,Sharp,Review Count,9256.0,,,,,,,,,
Average Review Score by Brand,2021-01-03,,Sony,Review Count,1883.0,,,,,,,,,
Average Review Score by Brand,2021-01-03,,VIZIO,Review Count,4904.0,,,,,,,,,
Average Review Score by Brand,2021-01-03,,LG,Review Score,1.31,,,,,,,,,
Average Review Score by Brand,2021-01-03,,Samsung,Review Score,3.0,,,,,,,,,
Average Review Score by Brand,2021-01-03,,Sharp,Review Score,3.0,,,,,,,,,
Average Review Score by Brand,2021-01-03,,Sony,Review Score,2.83,,,,,,,,,
Average Review Score by Brand,2021-01-03,,VIZIO,Review Score,3.0,,,,,,,,,
Average Review Score by Brand,2021-02-03,,LG,Review Count,8829.0,,,,,,,,,
Average Review Score by Brand,2021-02-03,,Samsung,Review Count,19464.0,,,,,,,,,
Average Review Score by Brand,2021-02-03,,Sharp,Review Count,11676.0,,,,,,,,,
Average Review Score by Brand,2021-02-03,,Sony,Review Count,8443.0,,,,,,,,,
Average Review Score by Brand,2021-02-03,,VIZIO,Review Count,5754.0,,,,,,,,,
Average Review Score by Brand,2021-02-03,,LG,Review Score,2.25,,,,,,,,,
Average Review Score by Brand,2021-02-03,,Samsung,Review Score,2.91,,,,,,,,,
Average Review Score by Brand,2021-02-03,,Sharp,Review Score,2.65,,,,,,,,,
Average Review Score by Brand,2021-02-03,,Sony,Review Score,2.85,,,,,,,,,
Average Review Score by Brand,2021-02-03,,VIZIO,Review Score,2.15,,,,,,,,,
CPM by Channel,2021-02-03,,Display,CPM,2.84,,,,,,,,,
CPM by Channel,2021-02-03,,Youtube,CPM,7.89,,,,,,,,,
CPM by Channel,2021-02-03,,Facebook,CPM,1.14,,,,,,,,,
CPM by Channel,2021-02-03,,Twitter,CPM,2.56,,,,,,,,,
CPM by Channel,2021-02-03,,Television,CPM,14.23,,,,,,,,,
CPM by Channel,2021-02-03,,Instagram,CPM,3.42,,,,,,,,,
CPM by Channel,2021-02-03,,Display,Impressions,43145881.0,,,,,,,,,
CPM by Channel,2021-02-03,,Youtube,Impressions,5176776.597,,,,,,,,,
CPM by Channel,2021-02-03,,Facebook,Impressions,71657486.57,,,,,,,,,
CPM by Channel,2021-02-03,,Twitter,Impressions,15954987.25,,,,,,,,,
CPM by Channel,2021-02-03,,Television,Impressions,34443935.92,,,,,,,,,
CPM by Channel,2021-02-03,,Instagram,Impressions,11942914.43,,,,,,,,,
Potential Lost Sales,2019-12-18,,JDA Product,,169804.38,,,,,,,,,
Potential Lost Sales,2019-12-25,,JDA Product,,173780.4,,,,,,,,,
Potential Lost Sales,2020-01-01,,JDA Product,,183872.85,,,,,,,,,
Potential Lost Sales,2020-01-08,,JDA Product,,181804.92,,,,,,,,,
Potential Lost Sales,2020-01-15,,JDA Product,,211684.84,,,,,,,,,
Potential Lost Sales,2020-01-22,,JDA Product,,198949.32,,,,,,,,,
Potential Lost Sales,2020-01-29,,JDA Product,,217741.98,,,,,,,,,
Potential Lost Sales,2020-02-05,,JDA Product,,180920.18,,,,,,,,,
Potential Lost Sales,2020-02-12,,JDA Product,,175215.44,,,,,,,,,
Potential Lost Sales,2020-02-19,,JDA Product,,179523.23,,,,,,,,,
Potential Lost Sales,2020-02-26,,JDA Product,,180166.8,,,,,,,,,
Potential Lost Sales,2020-03-04,,JDA Product,,213288.72,,,,,,,,,
Potential Lost Sales,2020-03-11,,JDA Product,,229818.4,,,,,,,,,
Potential Lost Sales,2020-03-18,,JDA Product,,183166.63,,,,,,,,,
Potential Lost Sales,2020-03-25,,JDA Product,,214678.59,,,,,,,,,
Potential Lost Sales,2020-04-01,,JDA Product,,226486.78,,,,,,,,,
Potential Lost Sales,2020-04-08,,JDA Product,,232149.4,,,,,,,,,
Potential Lost Sales,2020-04-15,,JDA Product,,188302.81,,,,,,,,,
Potential Lost Sales,2020-04-22,,JDA Product,,237234.12,,,,,,,,,
Potential Lost Sales,2020-04-29,,JDA Product,,201727.55,,,,,,,,,
Potential Lost Sales,2020-05-06,,JDA Product,,160311.94,,,,,,,,,
Potential Lost Sales,2020-05-13,,JDA Product,,184072.31,,,,,,,,,
Potential Lost Sales,2020-05-20,,JDA Product,,187397.55,,,,,,,,,
Potential Lost Sales,2020-05-27,,JDA Product,,194034.77,,,,,,,,,
Potential Lost Sales,2020-06-03,,JDA Product,,205789.1,,,,,,,,,
Potential Lost Sales,2020-06-10,,JDA Product,,224208.54,,,,,,,,,
Potential Lost Sales,2020-06-17,,JDA Product,,226641.68,,,,,,,,,
Potential Lost Sales,2020-06-24,,JDA Product,,198383.73,,,,,,,,,
Potential Lost Sales,2020-07-01,,JDA Product,,189770.6,,,,,,,,,
Potential Lost Sales,2020-07-08,,JDA Product,,182386.55,,,,,,,,,
Potential Lost Sales,2020-07-15,,JDA Product,,162766.15,,,,,,,,,
Potential Lost Sales,2020-07-22,,JDA Product,,218812.1,,,,,,,,,
Potential Lost Sales,2020-07-29,,JDA Product,,173615.14,,,,,,,,,
Potential Lost Sales,2020-08-05,,JDA Product,,164484.7,,,,,,,,,
Potential Lost Sales,2020-08-12,,JDA Product,,183733.5,,,,,,,,,
Potential Lost Sales,2020-08-19,,JDA Product,Set,43762.42,,,,,,,,,
Potential Lost Sales,2020-08-19,,JDA Product,Taboo,32821.815,,,,,,,,,
Potential Lost Sales,2020-08-19,,JDA Product,Catan,28445.573,,,,,,,,,
Potential Lost Sales,2020-08-19,,JDA Product,Sorry,26257.452,,,,,,,,,
Potential Lost Sales,2020-08-19,,JDA Product,Five Crowns,24069.331,,,,,,,,,
Potential Lost Sales,2020-08-19,,JDA Product,Ticket to Ride,17504.968,,,,,,,,,
Potential Lost Sales,2020-08-19,,JDA Product,Phase 10,15316.847,,,,,,,,,
Potential Lost Sales,2020-08-19,,JDA Product,Left Center Right,12034.6655,,,,,,,,,
Potential Lost Sales,2020-08-19,,JDA Product,Classic Jenga,9846.5445,,,,,,,,,
Potential Lost Sales,2020-08-19,,JDA Product,Spot it!,8752.484,,,,,,,,,
Potential Lost Sales,2020-08-26,,JDA Product,Set,34723.028,,,,,,,,,
Potential Lost Sales,2020-08-26,,JDA Product,Taboo,26042.271,,,,,,,,,
Potential Lost Sales,2020-08-26,,JDA Product,Catan,22569.9682,,,,,,,,,
Potential Lost Sales,2020-08-26,,JDA Product,Sorry,20833.8168,,,,,,,,,
Potential Lost Sales,2020-08-26,,JDA Product,Five Crowns,19097.6654,,,,,,,,,
Potential Lost Sales,2020-08-26,,JDA Product,Ticket to Ride,13889.2112,,,,,,,,,
Potential Lost Sales,2020-08-26,,JDA Product,Phase 10,12153.0598,,,,,,,,,
Potential Lost Sales,2020-08-26,,JDA Product,Left Center Right,9548.8327,,,,,,,,,
Potential Lost Sales,2020-08-26,,JDA Product,Classic Jenga,7812.6813,,,,,,,,,
Potential Lost Sales,2020-08-26,,JDA Product,Spot it!,6944.6056,,,,,,,,,
Potential Lost Sales,2020-09-02,,JDA Product,Set,32896.94,,,,,,,,,
Potential Lost Sales,2020-09-02,,JDA Product,Taboo,24672.705,,,,,,,,,
Potential Lost Sales,2020-09-02,,JDA Product,Catan,21383.011,,,,,,,,,
Potential Lost Sales,2020-09-02,,JDA Product,Sorry,19738.164,,,,,,,,,
Potential Lost Sales,2020-09-02,,JDA Product,Five Crowns,18093.317,,,,,,,,,
Potential Lost Sales,2020-09-02,,JDA Product,Ticket to Ride,13158.776,,,,,,,,,
Potential Lost Sales,2020-09-02,,JDA Product,Phase 10,11513.929,,,,,,,,,
Potential Lost Sales,2020-09-02,,JDA Product,Left Center Right,9046.6585,,,,,,,,,
Potential Lost Sales,2020-09-02,,JDA Product,Classic Jenga,7401.8115,,,,,,,,,
Potential Lost Sales,2020-09-02,,JDA Product,Spot it!,6579.388,,,,,,,,,
Potential Lost Sales,2020-09-09,,JDA Product,Set,36746.7,,,,,,,,,
Potential Lost Sales,2020-09-09,,JDA Product,Taboo,27560.025,,,,,,,,,
Potential Lost Sales,2020-09-09,,JDA Product,Catan,23885.355,,,,,,,,,
Potential Lost Sales,2020-09-09,,JDA Product,Sorry,22048.02,,,,,,,,,
Potential Lost Sales,2020-09-09,,JDA Product,Five Crowns,20210.685,,,,,,,,,
Potential Lost Sales,2020-09-09,,JDA Product,Ticket to Ride,14698.68,,,,,,,,,
Potential Lost Sales,2020-09-09,,JDA Product,Phase 10,12861.345,,,,,,,,,
Potential Lost Sales,2020-09-09,,JDA Product,Left Center Right,10105.3425,,,,,,,,,
Potential Lost Sales,2020-09-09,,JDA Product,Classic Jenga,8268.0075,,,,,,,,,
Potential Lost Sales,2020-09-09,,JDA Product,Spot it!,7349.34,,,,,,,,,
Potential Lost Sales,2020-09-16,,JDA Product,Set,35712.998,,,,,,,,,
Potential Lost Sales,2020-09-16,,JDA Product,Taboo,26784.7485,,,,,,,,,
Potential Lost Sales,2020-09-16,,JDA Product,Catan,23213.4487,,,,,,,,,
Potential Lost Sales,2020-09-16,,JDA Product,Sorry,21427.7988,,,,,,,,,
Potential Lost Sales,2020-09-16,,JDA Product,Five Crowns,19642.1489,,,,,,,,,
Potential Lost Sales,2020-09-16,,JDA Product,Ticket to Ride,14285.1992,,,,,,,,,
Potential Lost Sales,2020-09-16,,JDA Product,Phase 10,12499.5493,,,,,,,,,
Potential Lost Sales,2020-09-16,,JDA Product,Left Center Right,9821.07445,,,,,,,,,
Potential Lost Sales,2020-09-16,,JDA Product,Classic Jenga,8035.42455,,,,,,,,,
Potential Lost Sales,2020-09-16,,JDA Product,Spot it!,7142.5996,,,,,,,,,
Potential Lost Sales,2020-09-23,,JDA Product,Set,37828.558,,,,,,,,,
Potential Lost Sales,2020-09-23,,JDA Product,Taboo,28371.4185,,,,,,,,,
Potential Lost Sales,2020-09-23,,JDA Product,Catan,24588.5627,,,,,,,,,
Potential Lost Sales,2020-09-23,,JDA Product,Sorry,22697.1348,,,,,,,,,
Potential Lost Sales,2020-09-23,,JDA Product,Five Crowns,20805.7069,,,,,,,,,
Potential Lost Sales,2020-09-23,,JDA Product,Ticket to Ride,15131.4232,,,,,,,,,
Potential Lost Sales,2020-09-23,,JDA Product,Phase 10,13239.9953,,,,,,,,,
Potential Lost Sales,2020-09-23,,JDA Product,Left Center Right,10402.85345,,,,,,,,,
Potential Lost Sales,2020-09-23,,JDA Product,Classic Jenga,8511.42555,,,,,,,,,
Potential Lost Sales,2020-09-23,,JDA Product,Spot it!,7565.7116,,,,,,,,,
Potential Lost Sales,2020-09-30,,JDA Product,Set,44905.292,,,,,,,,,
Potential Lost Sales,2020-09-30,,JDA Product,Taboo,33678.969,,,,,,,,,
Potential Lost Sales,2020-09-30,,JDA Product,Catan,29188.4398,,,,,,,,,
Potential Lost Sales,2020-09-30,,JDA Product,Sorry,26943.1752,,,,,,,,,
Potential Lost Sales,2020-09-30,,JDA Product,Five Crowns,24697.9106,,,,,,,,,
Potential Lost Sales,2020-09-30,,JDA Product,Ticket to Ride,17962.1168,,,,,,,,,
Potential Lost Sales,2020-09-30,,JDA Product,Phase 10,15716.8522,,,,,,,,,
Potential Lost Sales,2020-09-30,,JDA Product,Left Center Right,12348.9553,,,,,,,,,
Potential Lost Sales,2020-09-30,,JDA Product,Classic Jenga,10103.6907,,,,,,,,,
Potential Lost Sales,2020-09-30,,JDA Product,Spot it!,8981.0584,,,,,,,,,
Potential Lost Sales,2020-10-07,,JDA Product,Set,40434.54,,,,,,,,,
Potential Lost Sales,2020-10-07,,JDA Product,Taboo,30325.905,,,,,,,,,
Potential Lost Sales,2020-10-07,,JDA Product,Catan,26282.451,,,,,,,,,
Potential Lost Sales,2020-10-07,,JDA Product,Sorry,24260.724,,,,,,,,,
Potential Lost Sales,2020-10-07,,JDA Product,Five Crowns,22238.997,,,,,,,,,
Potential Lost Sales,2020-10-07,,JDA Product,Ticket to Ride,16173.816,,,,,,,,,
Potential Lost Sales,2020-10-07,,JDA Product,Phase 10,14152.089,,,,,,,,,
Potential Lost Sales,2020-10-07,,JDA Product,Left Center Right,11119.4985,,,,,,,,,
Potential Lost Sales,2020-10-07,,JDA Product,Classic Jenga,9097.7715,,,,,,,,,
Potential Lost Sales,2020-10-07,,JDA Product,Spot it!,8086.908,,,,,,,,,
Potential Lost Sales,2020-10-14,,JDA Product,Set,38406.652,,,,,,,,,
Potential Lost Sales,2020-10-14,,JDA Product,Taboo,28804.989,,,,,,,,,
Potential Lost Sales,2020-10-14,,JDA Product,Catan,24964.3238,,,,,,,,,
Potential Lost Sales,2020-10-14,,JDA Product,Sorry,23043.9912,,,,,,,,,
Potential Lost Sales,2020-10-14,,JDA Product,Five Crowns,21123.6586,,,,,,,,,
Potential Lost Sales,2020-10-14,,JDA Product,Ticket to Ride,15362.6608,,,,,,,,,
Potential Lost Sales,2020-10-14,,JDA Product,Phase 10,13442.3282,,,,,,,,,
Potential Lost Sales,2020-10-14,,JDA Product,Left Center Right,10561.8293,,,,,,,,,
Potential Lost Sales,2020-10-14,,JDA Product,Classic Jenga,8641.4967,,,,,,,,,
Potential Lost Sales,2020-10-14,,JDA Product,Spot it!,7681.3304,,,,,,,,,
Potential Lost Sales,2020-10-21,,JDA Product,Set,43508.312,,,,,,,,,
Potential Lost Sales,2020-10-21,,JDA Product,Taboo,32631.234,,,,,,,,,
Potential Lost Sales,2020-10-21,,JDA Product,Catan,28280.4028,,,,,,,,,
Potential Lost Sales,2020-10-21,,JDA Product,Sorry,26104.9872,,,,,,,,,
Potential Lost Sales,2020-10-21,,JDA Product,Five Crowns,23929.5716,,,,,,,,,
Potential Lost Sales,2020-10-21,,JDA Product,Ticket to Ride,17403.3248,,,,,,,,,
Potential Lost Sales,2020-10-21,,JDA Product,Phase 10,15227.9092,,,,,,,,,
Potential Lost Sales,2020-10-21,,JDA Product,Left Center Right,11964.7858,,,,,,,,,
Potential Lost Sales,2020-10-21,,JDA Product,Classic Jenga,9789.3702,,,,,,,,,
Potential Lost Sales,2020-10-21,,JDA Product,Spot it!,8701.6624,,,,,,,,,
Potential Lost Sales,2020-10-28,,JDA Product,Set,44641.572,,,,,,,,,
Potential Lost Sales,2020-10-28,,JDA Product,Taboo,33481.179,,,,,,,,,
Potential Lost Sales,2020-10-28,,JDA Product,Catan,29017.0218,,,,,,,,,
Potential Lost Sales,2020-10-28,,JDA Product,Sorry,26784.9432,,,,,,,,,
Potential Lost Sales,2020-10-28,,JDA Product,Five Crowns,24552.8646,,,,,,,,,
Potential Lost Sales,2020-10-28,,JDA Product,Ticket to Ride,17856.6288,,,,,,,,,
Potential Lost Sales,2020-10-28,,JDA Product,Phase 10,15624.5502,,,,,,,,,
Potential Lost Sales,2020-10-28,,JDA Product,Left Center Right,12276.4323,,,,,,,,,
Potential Lost Sales,2020-10-28,,JDA Product,Classic Jenga,10044.3537,,,,,,,,,
Potential Lost Sales,2020-10-28,,JDA Product,Spot it!,8928.3144,,,,,,,,,
Potential Lost Sales,2020-11-04,,JDA Product,Set,43161.032,,,,,,,,,
Potential Lost Sales,2020-11-04,,JDA Product,Taboo,32370.774,,,,,,,,,
Potential Lost Sales,2020-11-04,,JDA Product,Catan,28054.6708,,,,,,,,,
Potential Lost Sales,2020-11-04,,JDA Product,Sorry,25896.6192,,,,,,,,,
Potential Lost Sales,2020-11-04,,JDA Product,Five Crowns,23738.5676,,,,,,,,,
Potential Lost Sales,2020-11-04,,JDA Product,Ticket to Ride,17264.4128,,,,,,,,,
Potential Lost Sales,2020-11-04,,JDA Product,Phase 10,15106.3612,,,,,,,,,
Potential Lost Sales,2020-11-04,,JDA Product,Left Center Right,11869.2838,,,,,,,,,
Potential Lost Sales,2020-11-04,,JDA Product,Classic Jenga,9711.2322,,,,,,,,,
Potential Lost Sales,2020-11-04,,JDA Product,Spot it!,8632.2064,,,,,,,,,
Potential Lost Sales,2020-11-11,,JDA Product,Set,36678.71,,,,,,,,,
Potential Lost Sales,2020-11-11,,JDA Product,Taboo,27509.0325,,,,,,,,,
Potential Lost Sales,2020-11-11,,JDA Product,Catan,23841.1615,,,,,,,,,
Potential Lost Sales,2020-11-11,,JDA Product,Sorry,22007.226,,,,,,,,,
Potential Lost Sales,2020-11-11,,JDA Product,Five Crowns,20173.2905,,,,,,,,,
Potential Lost Sales,2020-11-11,,JDA Product,Ticket to Ride,14671.484,,,,,,,,,
Potential Lost Sales,2020-11-11,,JDA Product,Phase 10,12837.5485,,,,,,,,,
Potential Lost Sales,2020-11-11,,JDA Product,Left Center Right,10086.64525,,,,,,,,,
Potential Lost Sales,2020-11-11,,JDA Product,Classic Jenga,8252.70975,,,,,,,,,
Potential Lost Sales,2020-11-11,,JDA Product,Spot it!,7335.742,,,,,,,,,
Potential Lost Sales,2020-11-18,,JDA Product,Set,35463.76,,,,,,,,,
Potential Lost Sales,2020-11-18,,JDA Product,Taboo,26597.82,,,,,,,,,
Potential Lost Sales,2020-11-18,,JDA Product,Catan,23051.444,,,,,,,,,
Potential Lost Sales,2020-11-18,,JDA Product,Sorry,21278.256,,,,,,,,,
Potential Lost Sales,2020-11-18,,JDA Product,Five Crowns,19505.068,,,,,,,,,
Potential Lost Sales,2020-11-18,,JDA Product,Ticket to Ride,14185.504,,,,,,,,,
Potential Lost Sales,2020-11-18,,JDA Product,Phase 10,12412.316,,,,,,,,,
Potential Lost Sales,2020-11-18,,JDA Product,Left Center Right,9752.534,,,,,,,,,
Potential Lost Sales,2020-11-18,,JDA Product,Classic Jenga,7979.346,,,,,,,,,
Potential Lost Sales,2020-11-18,,JDA Product,Spot it!,7092.752,,,,,,,,,
Potential Lost Sales,2020-11-25,,JDA Product,Set,44834.892,,,,,,,,,
Potential Lost Sales,2020-11-25,,JDA Product,Taboo,33626.169,,,,,,,,,
Potential Lost Sales,2020-11-25,,JDA Product,Catan,29142.6798,,,,,,,,,
Potential Lost Sales,2020-11-25,,JDA Product,Sorry,26900.9352,,,,,,,,,
Potential Lost Sales,2020-11-25,,JDA Product,Five Crowns,24659.1906,,,,,,,,,
Potential Lost Sales,2020-11-25,,JDA Product,Ticket to Ride,17933.9568,,,,,,,,,
Potential Lost Sales,2020-11-25,,JDA Product,Phase 10,15692.2122,,,,,,,,,
Potential Lost Sales,2020-11-25,,JDA Product,Left Center Right,12329.5953,,,,,,,,,
Potential Lost Sales,2020-11-25,,JDA Product,Classic Jenga,10087.8507,,,,,,,,,
Potential Lost Sales,2020-11-25,,JDA Product,Spot it!,8966.9784,,,,,,,,,
Potential Lost Sales,2020-12-02,,JDA Product,Set,38234.954,,,,,,,,,
Potential Lost Sales,2020-12-02,,JDA Product,Taboo,28676.2155,,,,,,,,,
Potential Lost Sales,2020-12-02,,JDA Product,Catan,24852.7201,,,,,,,,,
Potential Lost Sales,2020-12-02,,JDA Product,Sorry,22940.9724,,,,,,,,,
Potential Lost Sales,2020-12-02,,JDA Product,Five Crowns,21029.2247,,,,,,,,,
Potential Lost Sales,2020-12-02,,JDA Product,Ticket to Ride,15293.9816,,,,,,,,,
Potential Lost Sales,2020-12-02,,JDA Product,Phase 10,13382.2339,,,,,,,,,
Potential Lost Sales,2020-12-02,,JDA Product,Left Center Right,10514.61235,,,,,,,,,
Potential Lost Sales,2020-12-02,,JDA Product,Classic Jenga,8602.86465,,,,,,,,,
Potential Lost Sales,2020-12-02,,JDA Product,Spot it!,7646.9908,,,,,,,,,
Potential Lost Sales,2020-12-09,,JDA Product,Set,46475.452,,,,,,,,,
Potential Lost Sales,2020-12-09,,JDA Product,Taboo,34856.589,,,,,,,,,
Potential Lost Sales,2020-12-09,,JDA Product,Catan,30209.0438,,,,,,,,,
Potential Lost Sales,2020-12-09,,JDA Product,Sorry,27885.2712,,,,,,,,,
Potential Lost Sales,2020-12-09,,JDA Product,Five Crowns,25561.4986,,,,,,,,,
Potential Lost Sales,2020-12-09,,JDA Product,Ticket to Ride,18590.1808,,,,,,,,,
Potential Lost Sales,2020-12-09,,JDA Product,Phase 10,16266.4082,,,,,,,,,
Potential Lost Sales,2020-12-09,,JDA Product,Left Center Right,12780.7493,,,,,,,,,
Potential Lost Sales,2020-12-09,,JDA Product,Classic Jenga,10456.9767,,,,,,,,,
Potential Lost Sales,2020-12-09,,JDA Product,Spot it!,9295.0904,,,,,,,,,
Potential Lost Sales,2020-12-16,,JDA Product,Set,42735.888,,,,,,,,,
Potential Lost Sales,2020-12-16,,JDA Product,Taboo,32051.916,,,,,,,,,
Potential Lost Sales,2020-12-16,,JDA Product,Catan,27778.3272,,,,,,,,,
Potential Lost Sales,2020-12-16,,JDA Product,Sorry,25641.5328,,,,,,,,,
Potential Lost Sales,2020-12-16,,JDA Product,Five Crowns,23504.7384,,,,,,,,,
Potential Lost Sales,2020-12-16,,JDA Product,Ticket to Ride,17094.3552,,,,,,,,,
Potential Lost Sales,2020-12-16,,JDA Product,Phase 10,14957.5608,,,,,,,,,
Potential Lost Sales,2020-12-16,,JDA Product,Left Center Right,11752.3692,,,,,,,,,
Potential Lost Sales,2020-12-16,,JDA Product,Classic Jenga,9615.5748,,,,,,,,,
Potential Lost Sales,2020-12-16,,JDA Product,Spot it!,8547.1776,,,,,,,,,
Potential Lost Sales,2020-12-23,,JDA Product,Set,38346.528,,,,,,,,,
Potential Lost Sales,2020-12-23,,JDA Product,Taboo,28759.896,,,,,,,,,
Potential Lost Sales,2020-12-23,,JDA Product,Catan,24925.2432,,,,,,,,,
Potential Lost Sales,2020-12-23,,JDA Product,Sorry,23007.9168,,,,,,,,,
Potential Lost Sales,2020-12-23,,JDA Product,Five Crowns,21090.5904,,,,,,,,,
Potential Lost Sales,2020-12-23,,JDA Product,Ticket to Ride,15338.6112,,,,,,,,,
Potential Lost Sales,2020-12-23,,JDA Product,Phase 10,13421.2848,,,,,,,,,
Potential Lost Sales,2020-12-23,,JDA Product,Left Center Right,10545.2952,,,,,,,,,
Potential Lost Sales,2020-12-23,,JDA Product,Classic Jenga,8627.9688,,,,,,,,,
Potential Lost Sales,2020-12-23,,JDA Product,Spot it!,7669.3056,,,,,,,,,
Potential Lost Sales,2020-12-30,,JDA Product,Set,46385.714,,,,,,,,,
Potential Lost Sales,2020-12-30,,JDA Product,Taboo,34789.2855,,,,,,,,,
Potential Lost Sales,2020-12-30,,JDA Product,Catan,30150.7141,,,,,,,,,
Potential Lost Sales,2020-12-30,,JDA Product,Sorry,27831.4284,,,,,,,,,
Potential Lost Sales,2020-12-30,,JDA Product,Five Crowns,25512.1427,,,,,,,,,
Potential Lost Sales,2020-12-30,,JDA Product,Ticket to Ride,18554.2856,,,,,,,,,
Potential Lost Sales,2020-12-30,,JDA Product,Phase 10,16234.9999,,,,,,,,,
Potential Lost Sales,2020-12-30,,JDA Product,Left Center Right,12756.07135,,,,,,,,,
Potential Lost Sales,2020-12-30,,JDA Product,Classic Jenga,10436.78565,,,,,,,,,
Potential Lost Sales,2020-12-30,,JDA Product,Spot it!,9277.1428,,,,,,,,,
Potential Lost Sales,2021-01-06,,JDA Product,Set,36070.322,,,,,,,,,
Potential Lost Sales,2021-01-06,,JDA Product,Taboo,27052.7415,,,,,,,,,
Potential Lost Sales,2021-01-06,,JDA Product,Catan,23445.7093,,,,,,,,,
Potential Lost Sales,2021-01-06,,JDA Product,Sorry,21642.1932,,,,,,,,,
Potential Lost Sales,2021-01-06,,JDA Product,Five Crowns,19838.6771,,,,,,,,,
Potential Lost Sales,2021-01-06,,JDA Product,Ticket to Ride,14428.1288,,,,,,,,,
Potential Lost Sales,2021-01-06,,JDA Product,Phase 10,12624.6127,,,,,,,,,
Potential Lost Sales,2021-01-06,,JDA Product,Left Center Right,9919.33855,,,,,,,,,
Potential Lost Sales,2021-01-06,,JDA Product,Classic Jenga,8115.82245,,,,,,,,,
Potential Lost Sales,2021-01-06,,JDA Product,Spot it!,7214.0644,,,,,,,,,
Potential Lost Sales,2021-01-13,,JDA Product,Set,39894.3,,,,,,,,,
Potential Lost Sales,2021-01-13,,JDA Product,Taboo,29920.725,,,,,,,,,
Potential Lost Sales,2021-01-13,,JDA Product,Catan,25931.295,,,,,,,,,
Potential Lost Sales,2021-01-13,,JDA Product,Sorry,23936.58,,,,,,,,,
Potential Lost Sales,2021-01-13,,JDA Product,Five Crowns,21941.865,,,,,,,,,
Potential Lost Sales,2021-01-13,,JDA Product,Ticket to Ride,15957.72,,,,,,,,,
Potential Lost Sales,2021-01-13,,JDA Product,Phase 10,13963.005,,,,,,,,,
Potential Lost Sales,2021-01-13,,JDA Product,Left Center Right,10970.9325,,,,,,,,,
Potential Lost Sales,2021-01-13,,JDA Product,Classic Jenga,8976.2175,,,,,,,,,
Potential Lost Sales,2021-01-13,,JDA Product,Spot it!,7978.86,,,,,,,,,
Potential Lost Sales,2021-01-20,,JDA Product,Set,45447.112,,,,,,,,,
Potential Lost Sales,2021-01-20,,JDA Product,Taboo,34085.334,,,,,,,,,
Potential Lost Sales,2021-01-20,,JDA Product,Catan,29540.6228,,,,,,,,,
Potential Lost Sales,2021-01-20,,JDA Product,Sorry,27268.2672,,,,,,,,,
Potential Lost Sales,2021-01-20,,JDA Product,Five Crowns,24995.9116,,,,,,,,,
Potential Lost Sales,2021-01-20,,JDA Product,Ticket to Ride,18178.8448,,,,,,,,,
Potential Lost Sales,2021-01-20,,JDA Product,Phase 10,15906.4892,,,,,,,,,
Potential Lost Sales,2021-01-20,,JDA Product,Left Center Right,12497.9558,,,,,,,,,
Potential Lost Sales,2021-01-20,,JDA Product,Classic Jenga,10225.6002,,,,,,,,,
Potential Lost Sales,2021-01-20,,JDA Product,Spot it!,9089.4224,,,,,,,,,
Potential Lost Sales,2021-01-27,,JDA Product,Set,59127.716360000006,,,,,,,,,
Potential Lost Sales,2021-01-27,,JDA Product,Taboo,44345.78727,,,,,,,,,
Potential Lost Sales,2021-01-27,,JDA Product,Catan,38433.015634,,,,,,,,,
Potential Lost Sales,2021-01-27,,JDA Product,Sorry,35476.629816,,,,,,,,,
Potential Lost Sales,2021-01-27,,JDA Product,Five Crowns,32520.243998,,,,,,,,,
Potential Lost Sales,2021-01-27,,JDA Product,Ticket to Ride,23651.086544,,,,,,,,,
Potential Lost Sales,2021-01-27,,JDA Product,Phase 10,20694.700726,,,,,,,,,
Potential Lost Sales,2021-01-27,,JDA Product,Left Center Right,16260.121999,,,,,,,,,
Potential Lost Sales,2021-01-27,,JDA Product,Classic Jenga,13303.736181000002,,,,,,,,,
Potential Lost Sales,2021-01-27,,JDA Product,Spot it!,11825.543272,,,,,,,,,
Potential Lost Sales,2021-02-03,,JDA Product,Set,63832.64332,2295,1551,1481,,,,,,
Potential Lost Sales,2021-02-03,,JDA Product,Taboo,47874.48249,1533,1196,1367,,,,,,
Potential Lost Sales,2021-02-03,,JDA Product,Catan,41491.218157999996,2277,2835,1170,,,,,,
Potential Lost Sales,2021-02-03,,JDA Product,Sorry,38299.585992,2525,1661,2076,,,,,,
Potential Lost Sales,2021-02-03,,JDA Product,Five Crowns,35107.953826,2934,1834,2826,,,,,,
Potential Lost Sales,2021-02-03,,JDA Product,Ticket to Ride,25533.057328,1211,1153,1484,,,,,,
Potential Lost Sales,2021-02-03,,JDA Product,Phase 10,22341.425162,1219,2219,2350,,,,,,
Potential Lost Sales,2021-02-03,,JDA Product,Left Center Right,17553.976913,2971,1374,1149,,,,,,
Potential Lost Sales,2021-02-03,,JDA Product,Classic Jenga,14362.344747000001,2219,1111,1704,,,,,,
Potential Lost Sales,2021-02-03,,JDA Product,Spot it!,12766.528664,1383,1592,2736,,,,,,
Store Out of Stock %,2019-12-18,,,JDA Product,0.1265,,,,,,,,,
Store Out of Stock %,2019-12-25,,,JDA Product,0.1126,,,,,,,,,
Store Out of Stock %,2020-01-01,,,JDA Product,0.1209,,,,,,,,,
Store Out of Stock %,2020-01-08,,,JDA Product,0.1114,,,,,,,,,
Store Out of Stock %,2020-01-15,,,JDA Product,0.1091,,,,,,,,,
Store Out of Stock %,2020-01-22,,,JDA Product,0.1013,,,,,,,,,
Store Out of Stock %,2020-01-29,,,JDA Product,0.1168,,,,,,,,,
Store Out of Stock %,2020-02-05,,,JDA Product,0.1475,,,,,,,,,
Store Out of Stock %,2020-02-12,,,JDA Product,0.1127,,,,,,,,,
Store Out of Stock %,2020-02-19,,,JDA Product,0.1328,,,,,,,,,
Store Out of Stock %,2020-02-26,,,JDA Product,0.1268,,,,,,,,,
Store Out of Stock %,2020-03-04,,,JDA Product,0.1193,,,,,,,,,
Store Out of Stock %,2020-03-11,,,JDA Product,0.1484,,,,,,,,,
Store Out of Stock %,2020-03-18,,,JDA Product,0.1191,,,,,,,,,
Store Out of Stock %,2020-03-25,,,JDA Product,0.1311,,,,,,,,,
Store Out of Stock %,2020-04-01,,,JDA Product,0.1147,,,,,,,,,
Store Out of Stock %,2020-04-08,,,JDA Product,0.1175,,,,,,,,,
Store Out of Stock %,2020-04-15,,,JDA Product,0.1483,,,,,,,,,
Store Out of Stock %,2020-04-22,,,JDA Product,0.1057,,,,,,,,,
Store Out of Stock %,2020-04-29,,,JDA Product,0.1298,,,,,,,,,
Store Out of Stock %,2020-05-06,,,JDA Product,0.1136,,,,,,,,,
Store Out of Stock %,2020-05-13,,,JDA Product,0.127,,,,,,,,,
Store Out of Stock %,2020-05-20,,,JDA Product,0.137,,,,,,,,,
Store Out of Stock %,2020-05-27,,,JDA Product,0.1166,,,,,,,,,
Store Out of Stock %,2020-06-03,,,JDA Product,0.107,,,,,,,,,
Store Out of Stock %,2020-06-10,,,JDA Product,0.1377,,,,,,,,,
Store Out of Stock %,2020-06-17,,,JDA Product,0.1357,,,,,,,,,
Store Out of Stock %,2020-06-24,,,JDA Product,0.1056,,,,,,,,,
Store Out of Stock %,2020-07-01,,,JDA Product,0.1414,,,,,,,,,
Store Out of Stock %,2020-07-08,,,JDA Product,0.103,,,,,,,,,
Store Out of Stock %,2020-07-15,,,JDA Product,0.1226,,,,,,,,,
Store Out of Stock %,2020-07-22,,,JDA Product,0.1399,,,,,,,,,
Store Out of Stock %,2020-07-29,,,JDA Product,0.117,,,,,,,,,
Store Out of Stock %,2020-08-05,,,JDA Product,0.1437,,,,,,,,,
Store Out of Stock %,2020-08-12,,,JDA Product,0.1389,,,,,,,,,
Store Out of Stock %,2020-08-19,,,JDA Product,0.1173,,,,,,,,,
Store Out of Stock %,2020-08-26,,,JDA Product,0.117,,,,,,,,,
Store Out of Stock %,2020-09-02,,,JDA Product,0.1437,,,,,,,,,
Store Out of Stock %,2020-09-09,,,JDA Product,0.1389,,,,,,,,,
Store Out of Stock %,2020-09-16,,,JDA Product,0.1173,,,,,,,,,
Store Out of Stock %,2020-09-23,,,JDA Product,0.1039,,,,,,,,,
Store Out of Stock %,2020-09-30,,,JDA Product,0.1314,,,,,,,,,
Store Out of Stock %,2020-10-07,,,JDA Product,0.1398,,,,,,,,,
Store Out of Stock %,2020-10-14,,,JDA Product,0.1423,,,,,,,,,
Store Out of Stock %,2020-10-21,,,JDA Product,0.1194,,,,,,,,,
Store Out of Stock %,2020-10-28,,,JDA Product,0.1274,,,,,,,,,
Store Out of Stock %,2020-11-04,,,JDA Product,0.1424,,,,,,,,,
Store Out of Stock %,2020-11-11,,,JDA Product,0.15,,,,,,,,,
Store Out of Stock %,2020-11-18,,,JDA Product,0.1076,,,,,,,,,
Store Out of Stock %,2020-11-25,,,JDA Product,0.1033,,,,,,,,,
Store Out of Stock %,2020-12-02,,,JDA Product,0.1498,,,,,,,,,
Store Out of Stock %,2020-12-09,,,JDA Product,0.1366,,,,,,,,,
Store Out of Stock %,2020-12-16,,,JDA Product,0.1435,,,,,,,,,
Store Out of Stock %,2020-12-23,,,JDA Product,0.1063,,,,,,,,,
Store Out of Stock %,2020-12-30,,,JDA Product,0.1078,,,,,,,,,
Store Out of Stock %,2021-01-06,,,JDA Product,0.102,,,,,,,,,
Store Out of Stock %,2021-01-13,,,JDA Product,0.1242,,,,,,,,,
Store Out of Stock %,2021-01-20,,,JDA Product,0.1355,,,,,,,,,
Store Out of Stock %,2021-01-27,,,JDA Product,0.1625,,,,,,,,,
Store Out of Stock %,2021-02-03,,,JDA Product,0.1956,,,,,,,,,
Traffic vs. Revenue by Brand,2021-02-03,,LG,Conversion Rate,0.32,,,,,,,,,
Traffic vs. Revenue by Brand,2021-02-03,,Sharp,Conversion Rate,0.18,,,,,,,,,
Traffic vs. Revenue by Brand,2021-02-03,,Sony,Conversion Rate,0.23,,,,,,,,,
Traffic vs. Revenue by Brand,2021-02-03,,VIZIO,Conversion Rate,0.1,,,,,,,,,
Traffic vs. Revenue by Brand,2021-02-03,,Samsung,Conversion Rate,0.15,,,,,,,,,
Traffic vs. Revenue by Brand,2021-02-03,,LG,Revenue,6247831.39,,,,,,,,,
Traffic vs. Revenue by Brand,2021-02-03,,Sharp,Revenue,8455996.65,,,,,,,,,
Traffic vs. Revenue by Brand,2021-02-03,,Sony,Revenue,10365805.89,,,,,,,,,
Traffic vs. Revenue by Brand,2021-02-03,,VIZIO,Revenue,9453348.9,,,,,,,,,
Traffic vs. Revenue by Brand,2021-02-03,,Samsung,Revenue,14432686.3,,,,,,,,,
Traffic vs. Revenue by Brand,2021-02-03,,LG,Traffic,1969008.9,,,,,,,,,
Traffic vs. Revenue by Brand,2021-02-03,,Sharp,Traffic,3043586.68,,,,,,,,,
Traffic vs. Revenue by Brand,2021-02-03,,Sony,Traffic,1514396.7,,,,,,,,,
Traffic vs. Revenue by Brand,2021-02-03,,VIZIO,Traffic,3431282.37,,,,,,,,,
Traffic vs. Revenue by Brand,2021-02-03,,Samsung,Traffic,16568064.33,,,,,,,,,
Vendor Fill Rate %,2019-12-18,,,JDA Product,0.97,,,,,,,,,
Vendor Fill Rate %,2019-12-25,,,JDA Product,0.93,,,,,,,,,
Vendor Fill Rate %,2020-01-01,,,JDA Product,0.94,,,,,,,,,
Vendor Fill Rate %,2020-01-08,,,JDA Product,0.92,,,,,,,,,
Vendor Fill Rate %,2020-01-15,,,JDA Product,0.91,,,,,,,,,
Vendor Fill Rate %,2020-01-22,,,JDA Product,0.91,,,,,,,,,
Vendor Fill Rate %,2020-01-29,,,JDA Product,0.88,,,,,,,,,
Vendor Fill Rate %,2020-02-05,,,JDA Product,0.89,,,,,,,,,
Vendor Fill Rate %,2020-02-12,,,JDA Product,0.86,,,,,,,,,
Vendor Fill Rate %,2020-02-19,,,JDA Product,0.94,,,,,,,,,
Vendor Fill Rate %,2020-02-26,,,JDA Product,0.93,,,,,,,,,
Vendor Fill Rate %,2020-03-04,,,JDA Product,0.96,,,,,,,,,
Vendor Fill Rate %,2020-03-11,,,JDA Product,0.95,,,,,,,,,
Vendor Fill Rate %,2020-03-18,,,JDA Product,0.96,,,,,,,,,
Vendor Fill Rate %,2020-03-25,,,JDA Product,0.97,,,,,,,,,
Vendor Fill Rate %,2020-04-01,,,JDA Product,0.97,,,,,,,,,
Vendor Fill Rate %,2020-04-08,,,JDA Product,0.93,,,,,,,,,
Vendor Fill Rate %,2020-04-15,,,JDA Product,0.91,,,,,,,,,
Vendor Fill Rate %,2020-04-22,,,JDA Product,0.94,,,,,,,,,
Vendor Fill Rate %,2020-04-29,,,JDA Product,0.95,,,,,,,,,
Vendor Fill Rate %,2020-05-06,,,JDA Product,0.96,,,,,,,,,
Vendor Fill Rate %,2020-05-13,,,JDA Product,0.94,,,,,,,,,
Vendor Fill Rate %,2020-05-20,,,JDA Product,0.96,,,,,,,,,
Vendor Fill Rate %,2020-05-27,,,JDA Product,0.96,,,,,,,,,
Vendor Fill Rate %,2020-06-03,,,JDA Product,0.95,,,,,,,,,
Vendor Fill Rate %,2020-06-10,,,JDA Product,0.94,,,,,,,,,
Vendor Fill Rate %,2020-06-17,,,JDA Product,0.95,,,,,,,,,
Vendor Fill Rate %,2020-06-24,,,JDA Product,0.95,,,,,,,,,
Vendor Fill Rate %,2020-07-01,,,JDA Product,0.94,,,,,,,,,
Vendor Fill Rate %,2020-07-08,,,JDA Product,0.93,,,,,,,,,
Vendor Fill Rate %,2020-07-15,,,JDA Product,0.96,,,,,,,,,
Vendor Fill Rate %,2020-07-22,,,JDA Product,0.97,,,,,,,,,
Vendor Fill Rate %,2020-07-29,,,JDA Product,0.96,,,,,,,,,
Vendor Fill Rate %,2020-08-05,,,JDA Product,0.96,,,,,,,,,
Vendor Fill Rate %,2020-08-12,,,JDA Product,0.95,,,,,,,,,
Vendor Fill Rate %,2020-08-19,,,JDA Product,0.96,,,,,,,,,
Vendor Fill Rate %,2020-08-26,,,JDA Product,0.95,,,,,,,,,
Vendor Fill Rate %,2020-09-02,,,JDA Product,0.95,,,,,,,,,
Vendor Fill Rate %,2020-09-09,,,JDA Product,0.96,,,,,,,,,
Vendor Fill Rate %,2020-09-16,,,JDA Product,0.96,,,,,,,,,
Vendor Fill Rate %,2020-09-23,,,JDA Product,0.95,,,,,,,,,
Vendor Fill Rate %,2020-09-30,,,JDA Product,0.96,,,,,,,,,
Vendor Fill Rate %,2020-10-07,,,JDA Product,0.96,,,,,,,,,
Vendor Fill Rate %,2020-10-14,,,JDA Product,0.94,,,,,,,,,
Vendor Fill Rate %,2020-10-21,,,JDA Product,0.92,,,,,,,,,
Vendor Fill Rate %,2020-10-28,,,JDA Product,0.9,,,,,,,,,
Vendor Fill Rate %,2020-11-04,,,JDA Product,0.88,,,,,,,,,
Vendor Fill Rate %,2020-11-11,,,JDA Product,0.91,,,,,,,,,
Vendor Fill Rate %,2020-11-18,,,JDA Product,0.93,,,,,,,,,
Vendor Fill Rate %,2020-11-25,,,JDA Product,0.96,,,,,,,,,
Vendor Fill Rate %,2020-12-02,,,JDA Product,0.94,,,,,,,,,
Vendor Fill Rate %,2020-12-09,,,JDA Product,0.95,,,,,,,,,
Vendor Fill Rate %,2020-12-16,,,JDA Product,0.97,,,,,,,,,
Vendor Fill Rate %,2020-12-23,,,JDA Product,0.96,,,,,,,,,
Vendor Fill Rate %,2020-12-30,,,JDA Product,0.89,,,,,,,,,
Vendor Fill Rate %,2021-01-06,,,JDA Product,0.95,,,,,,,,,
Vendor Fill Rate %,2021-01-13,,,JDA Product,0.91,,,,,,,,,
Vendor Fill Rate %,2021-01-20,,,JDA Product,0.93,,,,,,,,,
Vendor Fill Rate %,2021-01-27,,,JDA Product,0.88,,,,,,,,,
Vendor Fill Rate %,2021-02-03,,,JDA Product,0.94,,,,,,,,,
Warehouse Days of Supply,2020-12-16,,,JDA Product,2.75,,,,,,,,,
Warehouse Days of Supply,2020-12-23,,,JDA Product,2.54,,,,,,,,,
Warehouse Days of Supply,2020-12-30,,,JDA Product,2.43,,,,,,,,,
Warehouse Days of Supply,2021-01-06,,,JDA Product,2.39,,,,,,,,,
Warehouse Days of Supply,2021-01-13,,,JDA Product,2.29,,,,,,,,,
Warehouse Days of Supply,2021-01-20,,,JDA Product,2.18,,,,,,,,,
Warehouse Days of Supply,2021-01-27,,,JDA Product,2.19,,,,,,,,,
Warehouse Days of Supply,2021-02-03,,,JDA Product,2.37,,,,,,,,,
